Category,Answer
Cause,"Earthquake: Caused by the sudden release of energy in the Earth's crust, usually due to tectonic plate movements. This can occur along fault lines or boundaries where the plates collide, slide past each other, or separate."
Cause,"Tsunami: Generated by underwater disturbances such as earthquakes, volcanic eruptions, or landslides. These disturbances displace large volumes of water, creating powerful ocean waves that can travel long distances."
Cause,"Volcanic Eruption: Triggered by the rise of molten rock (magma) from deep within the Earth's mantle. When the pressure becomes too great, the magma is expelled through a volcano, releasing gases, ash, and lava onto the surface."
Cause,"Hurricane: Formed over warm ocean waters when a combination of low atmospheric pressure, high humidity, and wind patterns create a spinning storm system. The warm ocean water provides the energy source for the hurricane to intensify."
Cause,"Tornado: Created by the collision of warm, moist air from the south and cold, dry air from the north. Atmospheric instability, temperature contrasts, and wind shear cause the air to rotate vertically, forming a destructive funnel-shaped cloud."
Cause,"Flood: Caused by excessive rainfall, rapid snowmelt, or the failure of dams or levees. When the amount of water exceeds the capacity of rivers, lakes, or drainage systems, it overflows and inundates surrounding areas."
Cause,Drought: Occurs when there is an extended period of significantly below-average precipitation leading to a lack of water supply. High temperatures and evaporation rates exacerbate the drying of soil and vegetation.
Cause,"Wildfire: Ignited by a combination of dry and hot weather, lightning strikes, or human activities such as campfires or careless burning. Once ignited, wildfires spread rapidly, fueled by dry vegetation and driven by wind."
Cause,"Blizzard: Characterized by strong winds, blowing snow, and freezing temperatures. Blizzards typically occur during winter storms when there is abundant moisture in the air and a strong low-pressure system."
Cause,"Landslide: Caused by heavy rainfall saturating the ground, earthquake activity destabilizing slopes, or human activities altering the natural landscape. The gravitational force pulls loose soil and rock downslope, often triggered by a specific event."
Cause,"Avalanche: Occurs when a mass of snow rapidly slides down a mountainside. Factors that contribute to avalanches include heavy snowfall, steep slopes, changes in temperature, or human activity like skiing or snowmobiling."
Cause,"Cyclone: Similar to hurricanes, cyclones are large-scale rotating storm systems. They form over warm ocean waters and are characterized by low atmospheric pressure, high humidity, and distinct wind patterns."
Cause,Heatwave: A prolonged period of excessively hot weather caused by high-pressure systems that trap warm air in a region. Heatwaves are often intensified by human-induced climate change.
Cause,"Hailstorm: Generated by updrafts in thunderstorms, where raindrops are lifted to higher altitudes within the storm cloud and freeze into ice pellets. Hailstones grow in size as they are repeatedly carried by updrafts and downdrafts."
Cause,Dust Storm: Occurs when strong winds lift and carry large amounts of dry soil or sand particles. Dust storms often happen in arid or semi-arid regions where loose soil and dry weather conditions are prevalent.
Cause,Sinkhole: Formed when the ground collapses due to the dissolution of underground limestone or other soluble rocks. This can be a natural process over long periods or can be triggered by human activities like mining or excessive groundwater pumping.
Cause,"Famine: Caused by a combination of factors, including crop failure due to drought, floods, pests, or diseases, as well as socioeconomic issues, conflict, and lack of access to food and resources."
Cause,"Epidemic: Refers to the rapid spread of infectious diseases among a large number of people in a specific population or region. Epidemics can be caused by viruses, bacteria, or other pathogens transmitted through various means."
Cause,"Frost: Occurs when temperatures drop below freezing point, causing the water vapor in the air to condense and freeze on surfaces. Frost can damage crops, plants, and exposed materials."
Cause,"Mudslide: Triggered by heavy rainfall saturating slopes with loose soil or rock. The excess water increases the weight and reduces the friction between particles, causing them to slide downhill."
Cause,"Ice Storm: Results from freezing rain, which occurs when raindrops fall through a layer of subfreezing air near the surface. The raindrops freeze upon contact with cold surfaces, including trees, power lines, and roads."
Cause,"Solar Flare: Eruptions on the sun's surface that release a massive amount of energy, including electromagnetic radiation, high-energy particles, and solar plasma. When directed towards Earth, solar flares can disrupt communication systems and affect the planet's magnetic field."
Cause,"Tidal Wave: Created by strong ocean currents or undersea volcanic eruptions. Tidal waves, also known as tidal surges or storm surges, are characterized by rapidly rising sea levels and can cause significant coastal flooding."
Cause,Heat Exhaustion: Occurs when the body overheats due to prolonged exposure to high temperatures and inadequate fluid intake. It is often associated with physical exertion and can lead to dehydration and other health complications.
Regions,"Earthquake: Pacific Ring of Fire (including countries like Japan, Indonesia, and Chile)"
Regions,"Tsunami: Pacific Ring of Fire (including countries like Japan, Indonesia, and Chile)"
Regions,"Volcanic Eruption: Pacific Ring of Fire (including countries like Japan, Indonesia, and Chile)"
Regions,Hurricane: Atlantic Ocean (particularly the Caribbean Sea and the Gulf of Mexico)
Regions,"Tornado: Tornado Alley in the United States (central part, including states like Texas, Oklahoma, and Kansas)"
Regions,Flood: Low-lying areas near major rivers or coastal regions (varies depending on the country and climate)
Regions,"Drought: Arid and semi-arid regions around the world (such as parts of Africa, Australia, and southwestern United States)"
Regions,"Wildfire: Forested areas prone to dry and hot conditions (including regions in California, Australia, and Mediterranean countries)"
Regions,"Blizzard: Northern regions with cold climates (such as northern United States, Canada, and northern Europe)"
Regions,Landslide: Hilly or mountainous regions with steep slopes (varies depending on the geography)
Regions,"Avalanche: Mountainous regions with heavy snowfall (such as the Alps, Rocky Mountains, and Himalayas)"
Regions,"Cyclone: Coastal regions of the Indian Ocean (including countries like India, Bangladesh, and Myanmar)"
Regions,"Heatwave: Regions with hot climates, including deserts and subtropical areas"
Regions,Hailstorm: Regions with thunderstorm activity and suitable conditions for hail formation (varies globally)
Regions,Dust Storm: Arid or semi-arid regions with loose soil or desert areas (such as the Sahara Desert and parts of the United States)
Regions,"Sinkhole: Regions with limestone or soluble rock formations (such as the Yucatan Peninsula, Florida, and parts of China)"
Regions,Famine: Areas with high vulnerability to food insecurity and poverty (varies globally)
Regions,Epidemic: Can occur globally and depends on the spread of diseases and population density (varies for different outbreaks)
Regions,Frost: Regions with cold climates and suitable conditions for frost formation (varies depending on the season)
Regions,"Mudslide: Hilly or mountainous regions with heavy rainfall or unstable slopes (such as parts of California, Central America, and Southeast Asia)"
Regions,Ice Storm: Regions with cold climates and precipitation in the form of freezing rain (varies depending on the season)
Regions,"Solar Flare: Can affect the Earth globally, with potential impacts on satellite communications and power grids"
Regions,Tidal Wave: Coastal regions near major oceanic fault lines or areas prone to undersea volcanic activity (varies globally)
Regions,Heat Exhaustion: Regions experiencing prolonged heatwaves or high temperatures (varies depending on the climate)
Mitigation Efforts,"Earthquake: Building resilient structures, adhering to building codes, and reinforcing existing infrastructure. Educating communities on emergency preparedness and conducting regular drills."
Mitigation Efforts,"Tsunami: Developing early warning systems, establishing evacuation plans and routes, and educating coastal communities on tsunami awareness. Constructing tsunami-resistant buildings and structures in vulnerable areas."
Mitigation Efforts,Volcanic Eruption: Monitoring volcanic activity and issuing timely warnings. Establishing exclusion zones and evacuation plans for at-risk areas. Educating communities on volcanic hazards and preparedness measures.
Mitigation Efforts,Hurricane: Developing hurricane tracking and forecasting systems. Implementing building codes for hurricane-resistant construction. Conducting public awareness campaigns and ensuring evacuation plans are in place.
Mitigation Efforts,Tornado: Establishing tornado warning systems and monitoring weather conditions. Constructing tornado-resistant buildings and safe rooms. Educating communities on tornado safety and preparedness.
Mitigation Efforts,"Flood: Implementing floodplain management measures, such as zoning and land-use regulations. Constructing flood protection infrastructure like levees and flood barriers. Promoting early warning systems and evacuation plans."
Mitigation Efforts,Drought: Implementing water conservation and management strategies. Developing drought-resistant agricultural practices. Promoting public awareness about water conservation and implementing water-use restrictions.
Mitigation Efforts,"Wildfire: Creating defensible spaces around structures, clearing vegetation, and implementing fire-resistant building codes. Conducting controlled burns and managing forest fuel loads. Promoting fire safety education and awareness."
Mitigation Efforts,Blizzard: Preparing emergency kits and supplies for severe winter weather. Clearing snow from roads and public areas promptly. Educating communities on winter weather safety and providing heating assistance to vulnerable populations.
Mitigation Efforts,Landslide: Implementing land-use planning and slope stabilization measures. Conducting geological assessments and mapping landslide-prone areas. Developing early warning systems and promoting public awareness.
Mitigation Efforts,Avalanche: Conducting avalanche forecasting and issuing warnings. Establishing avalanche control measures. Educating communities on backcountry safety and promoting safe recreational practices in avalanche-prone areas.
Mitigation Efforts,Cyclone: Developing cyclone forecasting and early warning systems. Constructing cyclone-resistant buildings and shelters. Educating communities on cyclone preparedness and evacuation plans.
Mitigation Efforts,Heatwave: Establishing heatwave early warning systems and public cooling centers. Educating communities on heatwave safety and promoting heat illness prevention measures. Providing assistance to vulnerable populations during heatwaves.
Mitigation Efforts,Hailstorm: Providing hailstorm-resistant roofing materials and structures. Developing early warning systems for hailstorms. Educating communities on hailstorm safety measures.
Mitigation Efforts,Dust Storm: Implementing land and soil conservation practices to reduce soil erosion. Establishing windbreaks and shelterbelts. Educating communities on dust storm safety and promoting proper land management.
Mitigation Efforts,Sinkhole: Conducting geological surveys and mapping sinkhole-prone areas. Implementing land-use planning to avoid vulnerable areas. Conducting regular inspections of infrastructure and foundations.
Mitigation Efforts,Famine: Implementing sustainable agriculture practices and promoting crop diversification. Developing early warning systems for food security. Providing social safety nets and assistance to vulnerable populations.
Mitigation Efforts,Epidemic: Promoting vaccination programs and public health campaigns. Implementing disease surveillance and monitoring systems. Developing emergency response plans and establishing healthcare infrastructure.
Mitigation Efforts,"Frost: Using frost protection measures for crops, such as irrigation and covering. Educating farmers on frost prevention techniques. Developing early warning systems for frost events."
Mitigation Efforts,"Mudslide: Implementing slope stabilization measures, such as retaining walls and drainage systems. Conducting land-use planning and avoiding development in landslide-prone areas. Educating communities on mudslide preparedness and evacuation plans."
Mitigation Efforts,Ice Storm: Strengthening power infrastructure and conducting regular maintenance. Trimming trees near power lines to prevent ice accumulation. Educating communities on ice storm safety and emergency preparedness.
Mitigation Efforts,"Solar Flare: Developing robust space weather monitoring systems. Protecting critical infrastructure, such as satellites and power grids, from solar flares. Establishing emergency response plans for space weather events."
Mitigation Efforts,"Tidal Wave: Developing early warning systems and evacuation plans for coastal communities. Constructing coastal defenses, such as seawalls and dikes. Educating communities on tsunami awareness and safety measures."
Mitigation Efforts,Heat Exhaustion: Promoting heat safety education and awareness. Providing access to cool and shaded spaces during heatwaves. Ensuring availability of clean drinking water and encouraging proper hydration.
Mitigation Efforts,"Common mitigation efforts before an earthquake occurs include securing heavy objects and furniture, reinforcing buildings to withstand shaking, and creating an emergency communication plan. It's also important to educate oneself about earthquake safety and participate in drills and preparedness programs."
Mitigation Efforts,"To prepare for an earthquake, you can take steps such as anchoring tall and heavy furniture, securing loose items, and installing latches on cabinets. Reinforcing the structure of your home, like securing the foundation and reinforcing walls, can also help minimize damage. Creating a communication plan with your family and knowing the location of safe spots within your home are important as well. It is also advisable to have emergency supplies such as food, water, and first aid kits readily available."
Mitigation Efforts,"Before an earthquake, common mitigation efforts include constructing buildings with earthquake-resistant designs, using flexible materials that can withstand shaking, and reinforcing weak points in structures. Implementing early warning systems can also provide people with crucial seconds to take cover or evacuate."
Mitigation Efforts,"Efforts to improve early warning systems for earthquakes involve setting up networks of seismic sensors to detect ground shaking and quickly transmit warnings to areas at risk. These warnings can be communicated through mobile apps, sirens, or other alert systems to give people a few seconds or more of advance notice to take protective actions."
Mitigation Efforts,"Common mitigation efforts before a hurricane occurs include creating a family emergency plan, securing or reinforcing windows and doors, and stocking up on essential supplies like food, water, and medications. It's also important to stay informed about the weather conditions and follow evacuation orders if necessary."
Mitigation Efforts,"To mitigate the impact of a hurricane, you can take steps such as installing storm shutters or using plywood to cover windows and reinforcing garage doors. Clearing your yard of any loose objects that could become projectiles during high winds is important too. Stocking up on non-perishable food, water, and essential supplies is advisable. It's also crucial to stay informed about the hurricane's path and follow evacuation orders issued by local authorities."
Mitigation Efforts,"Before a hurricane, common mitigation efforts include building codes that require hurricane-resistant construction techniques, such as reinforced roofs and impact-resistant windows. Coastal areas may implement beach nourishment projects or construct seawalls to reduce the impact of storm surge. Emergency management agencies also play a crucial role in providing timely information and coordinating evacuations."
Mitigation Efforts,"Mitigation efforts to strengthen infrastructure against hurricanes include constructing buildings that can withstand high winds and storm surge, elevating critical infrastructure in flood-prone areas, and implementing strict building codes and regulations. Additionally, maintaining and reinforcing levees, flood control channels, and drainage systems can help minimize the risk of flooding during hurricanes."
Mitigation Efforts,"Common mitigation efforts before a flood occurs include elevating electrical systems and appliances, installing flood-resistant barriers or floodgates, and creating proper drainage systems. It's important to stay informed about flood risks in your area and have a family emergency plan in place."
Mitigation Efforts,"To prevent or minimize flood damage, it is advisable to keep gutters and drains clear of debris to ensure proper water flow. Installing a sump pump and a battery-operated backup system can help remove excess water. Raising electrical outlets, switches, and appliances above potential flood levels is also recommended. Additionally, communities can implement flood control measures such as constructing levees, flood walls, and detention basins to mitigate the risk of flooding."
Mitigation Efforts,"Improving flood forecasting and emergency response systems involves enhancing weather monitoring and river gauging capabilities to detect and predict flooding. Implementing effective communication systems, such as text alerts or sirens, can help quickly notify residents of impending floods. Communities can also develop floodplain management plans and zoning regulations to prevent new development in flood-prone areas."
Mitigation Efforts,"Efforts to reduce vulnerability to floods include implementing measures like land-use planning and zoning regulations that prohibit or restrict development in flood-prone areas. Additionally, constructing flood-control structures such as levees, flood walls, and detention basins can help redirect and manage floodwaters. Educating the public about flood risks and promoting insurance coverage for flood damage is also important."
Mitigation Efforts,"Common mitigation efforts before a tornado occurs include identifying safe rooms or shelters in your home, securing outdoor objects, and staying alert to weather warnings. It's crucial to have a family emergency plan and practice tornado drills."
Mitigation Efforts,"To stay safe during a tornado, it is important to identify the safest areas in your home, such as a basement or an interior room on the lowest floor. Reinforcing these areas with additional structural support can provide added protection. Securing outdoor objects or bringing them inside can help prevent them from becoming hazards in high winds. Staying informed about tornado warnings and having a battery-powered weather radio or mobile app can provide timely information."
Mitigation Efforts,"Improving tornado warning systems and preparedness plans involves implementing advanced technologies, such as Doppler radar and storm tracking algorithms, to detect and forecast tornadoes more accurately. Local emergency management agencies play a crucial role in disseminating warnings and conducting public awareness campaigns to ensure residents are prepared for tornadoes. Educating the public about tornado safety and conducting regular tornado drills are also important mitigation efforts."
Mitigation Efforts,"Mitigation efforts to make buildings more tornado-resistant include implementing stricter building codes and standards for wind resistance. Constructing tornado-safe rooms or shelters within homes, schools, and other public buildings is also important. Additionally, ensuring the structural integrity of roofs, windows, and doors can help prevent or reduce damage caused by tornadoes."
Mitigation Efforts,"Common mitigation efforts before a tsunami occurs include educating residents about evacuation routes and safe zones, establishing early warning systems, and implementing land-use planning that avoids building in tsunami-prone areas. It's important to be aware of tsunami signs and alerts."
Mitigation Efforts,"To reduce the impact of a tsunami, it is important to know the evacuation routes and safe zones in your area. Familiarize yourself with the signs of a tsunami, such as strong and unusual ocean tides or the sound of approaching waves. Implementing early warning systems, such as sirens or text alerts, can provide valuable time for evacuation. Communities can also establish land-use planning policies that restrict development in high-risk coastal areas."
Mitigation Efforts,"Before a tsunami occurs, efforts can be made to establish early warning systems that use seismographs and ocean buoys to detect earthquake activity and monitor sea level changes. These systems can provide timely alerts to coastal communities, allowing them to evacuate to safe zones. Public education campaigns and community drills are also important to ensure residents know how to respond when a tsunami warning is issued."
Mitigation Efforts,"Mitigation efforts to educate communities about evacuation routes and safe zones involve conducting outreach programs and distributing informational materials that explain the signs of a tsunami and provide instructions for evacuation. Implementing effective communication systems, such as sirens or text alerts, can help notify residents in a timely manner. Establishing designated safe zones and clear evacuation routes also plays a crucial role in mitigating the impact of tsunamis."
Mitigation Efforts,"Common mitigation efforts before a volcanic eruption occurs include establishing evacuation plans and safe zones, monitoring volcanic activity, and educating residents about volcano hazards. It's important to stay informed about the latest volcanic alerts and advisories."
Mitigation Efforts,"To protect communities from volcanic eruptions, it is important to establish evacuation plans that outline safe routes and designated shelters. Monitoring volcanic activity through the use of seismometers, gas sensors, and satellite imagery can provide early warning signs of an impending eruption. Educating residents about volcano hazards, such as pyroclastic flows and ashfall, can help them understand the risks and take appropriate actions."
Mitigation Efforts,"Before a volcanic eruption occurs, efforts can be made to improve volcanic monitoring systems, such as installing additional seismometers and gas sensors near active volcanoes. Implementing real-time data analysis and communication networks can help provide timely updates on volcanic activity. Communities can also establish emergency management plans and conduct drills to ensure residents are prepared for volcanic hazards."
Mitigation Efforts,"Mitigation efforts to establish evacuation plans and safe zones involve working closely with local authorities and emergency management agencies to identify areas at risk and develop evacuation routes and shelters. Educating residents about the hazards associated with volcanic eruptions and providing clear instructions on evacuation procedures are crucial. Implementing effective communication systems, such as sirens or mobile alerts, can help notify residents of volcanic alerts and advisories."
Mitigation Efforts,"Common mitigation efforts before a drought occurs include implementing water conservation measures, diversifying water sources, and promoting efficient irrigation practices. It's important to use water wisely and be mindful of water consumption."
Mitigation Efforts,"To cope with water scarcity during a drought, it is important to implement water conservation measures such as fixing leaks, using water-efficient appliances, and reducing outdoor water usage. Diversifying water sources by investing in alternative sources like rainwater harvesting or wastewater recycling can also help. Promoting efficient irrigation practices in agriculture and landscaping can further conserve water."
Mitigation Efforts,"Efforts to adapt and conserve water during periods of drought involve implementing water-saving technologies and practices, such as drip irrigation or smart irrigation systems, to reduce water usage in agriculture and landscaping. Communities can also promote public awareness campaigns and education programs to encourage water conservation behaviors, such as shorter showers and fixing leaks promptly."
Mitigation Efforts,"Mitigation efforts to improve water management and storage systems involve implementing water-efficient technologies and infrastructure, such as water recycling and desalination plants. Developing drought contingency plans and water conservation policies can help ensure sustainable water usage. Additionally, promoting public awareness about water conservation and incentivizing water-saving behaviors can contribute to mitigating the impact of drought."
Mitigation Efforts,"Common mitigation efforts before a wildfire occurs include creating defensible spaces around homes, clearing vegetation near structures, and maintaining an emergency supply kit. It's important to be vigilant and report any signs of wildfire immediately."
Mitigation Efforts,"To prevent and control wildfires, it is important to create defensible spaces by removing flammable vegetation and maintaining a safe distance between structures and trees or shrubs. Clearing debris from gutters, roofs, and yards can also help prevent ignition from embers. Creating a family emergency supply kit with essential items like water, food, and first aid supplies is advisable. Staying informed about wildfire risks and reporting any signs of fire promptly is crucial."
Mitigation Efforts,"Before a wildfire occurs, communities can create defensible spaces by clearing flammable vegetation, implementing regulations for building materials and landscaping in fire-prone areas, and establishing firebreaks. Conducting controlled burns or prescribed fires under controlled conditions can also help reduce the accumulation of vegetation that can fuel wildfires. Educating the public about fire safety, such as proper campfire and cigarette disposal, is important too."
Mitigation Efforts,"Mitigation efforts to raise awareness about fire safety and responsible behavior involve implementing public education campaigns that emphasize the importance of following fire safety guidelines. Communities can also establish regulations and ordinances related to fire prevention and implement stricter enforcement measures. Additionally, fostering a culture of community responsibility and encouraging residents to report any suspicious or unsafe activities can help prevent wildfires."
Mitigation Efforts,"Common mitigation efforts before an avalanche occurs include avoiding avalanche-prone areas, carrying avalanche safety equipment, and receiving proper avalanche training. It's important to stay informed about avalanche conditions and heed warnings from authorities."
Mitigation Efforts,"To reduce the risk of avalanches, it is important to avoid traveling in avalanche-prone areas, especially during periods of high avalanche danger. Carrying avalanche safety equipment such as beacons, shovels, and probes can increase your chances of survival if caught in an avalanche. Seeking proper avalanche training and education is crucial for understanding avalanche terrain and making informed decisions. Staying informed about avalanche conditions through avalanche bulletins and local authorities is also important."
Mitigation Efforts,"Before an avalanche occurs, efforts can be made to assess and mitigate avalanche hazards in high-risk areas. Implementing avalanche forecasting and warning systems can help provide timely information to backcountry travelers. Establishing guidelines and regulations for safe travel in avalanche terrain and promoting avalanche education and training programs are important mitigation efforts."
Mitigation Efforts,"Mitigation efforts to improve avalanche safety involve implementing avalanche control measures, such as snowpack stabilization techniques and the use of explosives to trigger controlled avalanches. Conducting regular avalanche forecasting and monitoring snowpack conditions can help provide accurate and timely avalanche warnings. Educating the public about avalanche safety and promoting responsible backcountry travel are crucial aspects of mitigating avalanche risks."
Mitigation Efforts,"Common mitigation efforts before a landslide occurs include avoiding landslide-prone areas, stabilizing slopes, and monitoring changes in the landscape. It's important to stay informed about landslide risks and heed evacuation orders."
Mitigation Efforts,"To minimize the risk of landslides, it is important to avoid building or living in landslide-prone areas. Stabilizing slopes through techniques like retaining walls, terracing, and drainage systems can help prevent landslides. Monitoring changes in the landscape, such as cracks or movement in the ground, can provide early warning signs. Staying informed about landslide risks through local authorities and heeding evacuation orders when issued is crucial."
Mitigation Efforts,"Before a landslide occurs, efforts can be made to assess and map landslide-prone areas, implement land-use planning that avoids development in high-risk zones, and establish early warning systems. Conducting geotechnical studies to identify unstable slopes and implementing slope stabilization measures can help reduce the likelihood of landslides. Educating the public about landslide hazards and promoting responsible construction practices are important mitigation efforts."
Mitigation Efforts,"Mitigation efforts to improve slope stability and prevent landslides involve implementing measures such as slope reinforcement techniques, drainage systems, and vegetation management. Conducting geotechnical investigations and engineering studies can help identify areas at risk and design appropriate stabilization measures. Establishing effective communication systems to issue landslide warnings and coordinating emergency response plans are crucial aspects of mitigating landslide risks."
Mitigation Efforts,"Common mitigation efforts before a hailstorm occurs include having protective covers for vehicles and property, monitoring weather forecasts, and taking shelter during severe storms. It's important to stay informed and be prepared for sudden hailstorms."
Mitigation Efforts,"To mitigate the impact of a hailstorm, it is advisable to park vehicles in covered areas or use hail blankets or car covers to protect them from hail damage. Protecting windows and fragile objects with shutters or blankets can help safeguard property. Monitoring weather forecasts and heeding warnings from meteorological authorities can provide advanced notice. When a severe hailstorm is approaching, seeking shelter indoors or in a sturdy structure is crucial."
Mitigation Efforts,"Before a hailstorm occurs, efforts can be made to improve weather forecasting and prediction capabilities to provide timely warnings. Developing hail-resistant building practices, such as using impact-resistant roofing materials and reinforced windows, can help minimize damage. Implementing public awareness campaigns about hailstorm risks and safety measures can also contribute to mitigation."
Mitigation Efforts,"Efforts to improve weather forecasting and hail prediction involve the use of advanced radar technologies to track storm systems and identify hail-producing cells. Implementing automated warning systems that issue alerts based on real-time data can help provide timely notifications to the public. Promoting hail-resistant building practices and educating homeowners about protective measures, such as installing impact-resistant roofs or shutters, are important aspects of mitigating hailstorm damage."
Relief Measures,"Earthquake: Search and rescue operations, providing medical aid and emergency healthcare services. Temporary shelter and housing assistance for displaced individuals. Infrastructure restoration and rebuilding efforts."
Relief Measures,Tsunami: Emergency evacuation and search and rescue operations. Medical aid for the injured. Providing temporary shelter and basic necessities. Rebuilding coastal communities and infrastructure.
Relief Measures,Volcanic Eruption: Evacuation of affected areas. Providing medical assistance for respiratory issues and other health concerns. Offering temporary shelter and aid for displaced individuals. Cleaning and restoring affected areas.
Relief Measures,"Hurricane: Search and rescue operations for stranded individuals. Providing medical assistance and emergency healthcare services. Temporary shelter, food, and clean water distribution. Infrastructure repair and restoration."
Relief Measures,Tornado: Search and rescue operations for trapped individuals. Medical aid for the injured. Temporary shelter and assistance for displaced individuals. Cleaning and rebuilding affected areas.
Relief Measures,Flood: Evacuation of affected individuals to safe locations. Providing medical aid and emergency healthcare services. Temporary shelter and basic necessities. Conducting damage assessments and initiating flood recovery efforts.
Relief Measures,Drought: Providing access to clean water and implementing water conservation measures. Offering assistance and support for affected agricultural communities. Providing food aid and livelihood support.
Relief Measures,"Wildfire: Evacuation of at-risk areas. Search and rescue operations for stranded individuals. Medical aid for burn injuries and respiratory issues. Providing temporary shelter, food, and essentials. Initiating reforestation and rehabilitation efforts."
Relief Measures,Blizzard: Ensuring access to heating and warm shelters. Providing medical aid for cold-related illnesses and injuries. Clearing snow from roads and restoring essential services. Assisting vulnerable populations.
Relief Measures,Landslide: Evacuation of affected areas. Conducting search and rescue operations for trapped individuals. Providing medical aid and emergency healthcare services. Rebuilding and stabilizing affected slopes.
Relief Measures,Avalanche: Conducting search and rescue operations for buried individuals. Providing medical aid for avalanche-related injuries. Ensuring avalanche safety education and training. Restoring access routes and preventing future avalanches.
Relief Measures,Cyclone: Search and rescue operations in affected areas. Providing medical aid and emergency healthcare services. Temporary shelter and assistance for displaced individuals. Rebuilding damaged infrastructure and communities.
Relief Measures,Heatwave: Setting up cooling centers and providing access to hydration and shade. Offering medical aid for heat-related illnesses. Ensuring support for vulnerable populations. Raising public awareness on heatwave safety.
Relief Measures,Hailstorm: Assessing damage and providing necessary repairs. Offering financial assistance for affected individuals and businesses. Providing temporary shelter and basic necessities. Restoring affected infrastructure.
Relief Measures,Dust Storm: Ensuring access to clean air and respiratory protection. Clearing debris from roads and infrastructure. Conducting damage assessments and initiating cleanup and restoration efforts.
Relief Measures,Sinkhole: Assessing structural damage and ensuring safety in affected areas. Providing assistance for affected individuals and businesses. Conducting geotechnical investigations and stabilizing the affected land.
Relief Measures,Famine: Providing emergency food aid and nutritional support. Implementing agricultural assistance and recovery programs. Offering healthcare services and support to affected populations. Strengthening long-term food security measures.
Relief Measures,Epidemic: Implementing disease surveillance and control measures. Providing medical aid and healthcare services. Ensuring access to vaccines and treatments. Educating communities on preventive measures.
Relief Measures,Frost: Assessing damage to crops and providing agricultural assistance. Restoring affected infrastructure and services. Offering financial support for affected individuals and businesses.
Relief Measures,Mudslide: Search and rescue operations in affected areas. Providing medical aid and emergency healthcare services. Temporary shelter and assistance for displaced individuals. Clearing debris and stabilizing slopes.
Relief Measures,Ice Storm: Restoring power and essential services. Providing assistance for individuals affected by power outages and hazardous conditions. Clearing ice from roads and infrastructure. Offering support to vulnerable populations.
Relief Measures,Solar Flare: Monitoring and restoring satellite communications and power grids. Implementing contingency plans for future solar flares. Ensuring backup systems and redundancy measures for critical infrastructure.
Relief Measures,Tidal Wave: Search and rescue operations in affected coastal areas. Providing medical aid and emergency healthcare services. Offering temporary shelter and aid for displaced individuals. Rebuilding coastal communities and infrastructure.
Relief Measures,Heat Exhaustion: Providing access to cooling centers and hydration. Offering medical aid for heat-related illnesses. Raising public awareness on heat safety measures and providing support to vulnerable populations.
Safety Instructions,"Earthquake: Stay calm and take cover under sturdy furniture or against an interior wall. Protect your head and neck. After the shaking stops, evacuate to a safe area and follow emergency protocols."
Safety Instructions,Tsunami: Immediately move to higher ground or an elevated area away from the coast. Follow evacuation orders and listen to local authorities for updates. Do not return to coastal areas until given the all-clear.
Safety Instructions,Volcanic Eruption: Stay informed about volcanic activity through official channels. Follow evacuation orders and relocate to a safe location. Avoid areas downwind of the volcano. Protect yourself from ashfall and airborne pollutants.
Safety Instructions,"Hurricane: Secure your workplace and follow emergency plans. Stay indoors, away from windows, during the storm. Evacuate if instructed to do so. After the hurricane, assess damage cautiously and prioritize safety."
Safety Instructions,"Tornado: Seek shelter in a windowless interior room on the lowest level. Protect your head and neck. If outside, find a low-lying area and lie flat. Avoid mobile homes and vehicles. Follow post-tornado safety protocols."
Safety Instructions,Flood: Evacuate to higher ground if instructed to do so. Avoid floodwaters and submerged areas. Follow emergency communications and use caution when returning to affected areas. Report any hazards or damages.
Safety Instructions,Drought: Conserve water and follow local water use restrictions. Implement drought-resistant practices in operations. Seek alternative water sources and use water efficiently.
Safety Instructions,"Wildfire: Follow evacuation orders and move to a safe location. Stay informed about the fire's progress. Protect yourself from smoke and embers. After the wildfire, exercise caution when returning and be aware of residual risks."
Safety Instructions,"Blizzard: Stay indoors and avoid unnecessary travel. Keep emergency supplies and warm clothing accessible. If stranded, stay in the vehicle and call for help. Clear snow safely and be cautious of frostbite and hypothermia."
Safety Instructions,"Landslide: Be alert to signs of slope instability. If evacuation is recommended, leave the area immediately. Avoid areas near steep slopes during heavy rainfall. Report any signs of potential landslides to authorities."
Safety Instructions,Avalanche: Educate yourself on avalanche safety and travel in avalanche-prone areas with caution. Carry appropriate safety equipment and know how to use it. Avoid steep slopes during times of heightened avalanche risk.
Safety Instructions,"Cyclone: Stay informed through official sources and follow evacuation orders. Secure your workplace and protect windows. Stay indoors during the storm. After the cyclone, be cautious of hazards and follow safety guidelines."
Safety Instructions,"Heatwave: Stay hydrated and avoid prolonged exposure to heat. Seek shade or air-conditioned spaces when possible. Follow heat safety protocols, especially for outdoor work. Check on colleagues and report any heat-related concerns."
Safety Instructions,"Hailstorm: Seek shelter indoors and protect yourself from hail impacts. Stay away from windows and glass. After the storm, assess any damages and follow safety procedures for repairs."
Safety Instructions,Dust Storm: Stay indoors and avoid unnecessary travel. Close windows and doors to prevent dust entry. Use air filters or masks if necessary. Resume outdoor activities when visibility improves.
Safety Instructions,"Sinkhole: Be aware of signs of ground subsidence and report any abnormalities. If a sinkhole occurs, evacuate the area and contact authorities. Follow safety protocols for assessment and repairs."
Safety Instructions,Famine: Follow food security guidelines and support sustainable agricultural practices. Conserve food resources and report any food scarcity concerns. Seek assistance from local authorities or relief organizations.
Safety Instructions,"Epidemic: Practice good hygiene, such as frequent handwashing and covering coughs and sneezes. Follow health advisories and get vaccinated if available. Report any suspected cases or symptoms."
Safety Instructions,Frost: Protect sensitive equipment and crops from frost damage. Implement frost prevention measures and monitor weather forecasts. Follow recommended practices for frost protection.
Safety Instructions,Mudslide: Be vigilant for signs of slope instability and heed evacuation warnings. Move to higher ground if necessary. Avoid valleys and areas susceptible to mudslides during heavy rainfall.
Safety Instructions,Ice Storm: Exercise caution when walking or driving on icy surfaces. Use traction devices or salt for pathways. Monitor weather updates and follow safety recommendations during icy conditions.
Safety Instructions,Solar Flare: Follow guidance from authorities and maintain backup power sources. Protect sensitive equipment from power surges. Stay informed about space weather updates and potential impacts.
Safety Instructions,Tidal Wave: Move to higher ground or an elevated area away from the coast. Follow evacuation orders and listen to local authorities for updates. Avoid returning to coastal areas until declared safe.
Safety Instructions,Heat Exhaustion: Stay hydrated and take breaks in cool areas. Avoid strenuous activities during peak heat. Recognize symptoms of heat exhaustion and seek medical attention if needed.
Emergency contact,"In case of an emergency in the United States, dial 911"
Emergency contact,"If you are in the United Kingdom and need immediate assistance, call 999 or 112"
Emergency contact,"For emergencies in Australia, the contact number is 000"
Emergency contact,"In Canada, the emergency contact number is 911"
Emergency contact,"If you require emergency assistance in India, dial 112 or use the specific numbers: 100 for police, 101 for fire, and 102 for ambulance"
Emergency contact,"For emergencies in Germany, dial 112"
Emergency contact,"In France, you can reach emergency services by dialing 112 or 18 for firefighters and 15 for medical emergencies"
Emergency contact,"If you are in Japan and need immediate help, call 110 for police or 119 for fire and medical emergencies"
Emergency contact,"In China, dial 110 for police emergencies or 119 for fire and medical emergencies"
Emergency contact,"In Brazil, the emergency contact numbers are 190 for military police, 192 for ambulance services, and 193 for firefighters"
Emergency contact,"If you are in Mexico and require emergency assistance, dial 911"
Emergency contact,"In South Africa, the emergency contact numbers are 10111 for police, 10177 for ambulance services, and 1022 for firefighters"
Emergency contact,"If you are in Nigeria and need immediate help, dial 112 or 199 for police, 112 or 1123 for ambulance services, and 112 or 1122 for firefighters"
Emergency contact,"In Russia, the emergency contact number is 112"
Emergency contact,"For emergencies in Saudi Arabia, dial 112 or 911"
Emergency contact,"In the United Arab Emirates, the emergency contact number is 999"
Emergency contact,"If you are in Pakistan and require immediate assistance, dial 15 for police, 16 for ambulance services, and 16 for firefighters"
